key,SSArat,treatments,hemisphere,broad,stimtype,vocd,PIRd,vocZ,PIRZ,vocFR,PIRFR,BL_FR
DJPComb_mdx 11 1 18_181101_221336_Kilosort&69&10&good,0.0833333333333333,T1,R,1,CON,0.715546057826377,-0.548665519351777,0.383670224380593,-0.236601055531831,3.06366172153318,-1.77777777777778,-0.2
DJPComb_mdx 11 1 18_181101_221336_Kilosort&71&9&good,1.66666666666667,T1,R,0,CON,0.393953615057765,-1.66858123546019,0.150607874988332,-0.339012338717829,1.47214913891854,-1.95555555555556,0.355555555555556
DJPComb_mdx 11 17 18 habit_181107_204711_Kilosort&100&15&good,1.33333333333333,T1,R,1,CON,0.459659309319625,-2.07953212063024,0.257740247242125,-0.343126772199624,0.298408609240245,-0.933333333333333,-0.166666666666667
DJPComb_mdx 11 17 18 habit_181107_204711_Kilosort&101&13&good,1,T1,R,0,CON,-0.0107603704872502,-0.208958701712395,0.0809997243321841,0.027283465702982,-0.179045165544147,-0.266666666666667,-0.166666666666667
DJPComb_mdx 11 17 18 habit_181107_204711_Kilosort&108&7&good,NaN,T1,R,1,CON,0.626969239419819,0.91764594156683,0.525606568038534,0.249958721270322,0.119363443696098,0.133333333333333,-0.1
DJPComb_mdx 11 17 18 habit_181107_204711_Kilosort&27&13&good,1.66666666666667,T1,R,1,CON,0.122322623507291,-0.30298713324548,-0.06968761530126,-0.0427412321644519,0.059681721848049,-0.266666666666667,-0.1
DJPComb_mdx 11 17 18 habit_181107_204711_Kilosort&56&13&good,2.25,T1,R,0,CON,0.00522647489454128,0.527805163015357,0.136408595596393,0.203833582845585,-0.0596817218480488,0.266666666666667,-0.0666666666666667
DJPComb_mdx 11 17 18 habit_181107_204711_Kilosort&87&7&good,0,T1,R,1,CON,0.814672218577952,4.13147299023836,0.558257143773259,1.3281525864651,0.059681721848049,1.73333333333333,-0.6
DJPComb_mdx 11 17 18 habit_181107_204711_Kilosort&93&9&good,0,T1,R,1,CON,0.528141427097307,0.72340049120573,0.385364715426859,0.188445276189902,0.179045165544147,0.133333333333333,-0.0666666666666667
DJPComb_mdx 11 4 18 trial 2 moved_181104_212837_Kilosort&66&10&good,0.102564102564103,T1,R,1,CON,0.86488177053405,-0.204756278755596,0.514756775744438,-0.107455669552058,1.53978842367967,-1.68,-1.28
DJPComb_mdy 11 17 18 new idea trial 1_181117_112506_Kilosort&13&9&good,0.533607545616279,T1,L,1,CON,2.22547294927932,-0.179785733931158,1.62809051264818,0.00709784017393796,5.0581365158068,-1.23076923076923,-0.820512820512821
DJPComb_mdy 11 17 18 new idea trial 1_181117_112506_Kilosort&135&7&good,2.66740282887894,T1,L,0,CON,2.59389032434181,-0.363811391141986,1.65280772116278,-0.125573902813913,10.0716396471017,-1.74358974358974,-0.410256410256411
DJPComb_mdy 11 17 18 new idea trial 1_181117_112506_Kilosort&138&4&good,0.469079939668175,T1,L,0,CON,4.73970177880107,0.727209048420899,1.39556414921192,0.33011013569679,25.4544876370548,1.23076923076923,-0.538461538461538
DJPComb_mdy 11 17 18 new idea trial 1_181117_112506_Kilosort&143&8&good,0.379670947771781,T1,L,0,CON,3.60178875025367,-1.9751319030659,2.04722951964851,-0.683071119398936,32.624271113834,-13.2307692307692,1.02564102564103
DJPComb_mdy 11 17 18 new idea trial 1_181117_112506_Kilosort&147&9&good,5.08928571428572,T1,L,1,CON,0.469332445386061,0.166028196239378,0.28555130843348,-0.0472619551531243,0.221155366852321,-0.102564102564103,-0.256410256410256
DJPComb_mdy 11 17 18 new idea trial 1_181117_112506_Kilosort&31&10&good,0.42538173728385,T1,L,1,CON,-0.17558961051867,-0.31956205943271,-0.0688650617189044,-0.212976720481859,-0.431798299959665,-0.512820512820513,-0.230769230769231
DJPComb_mdy 11 17 18 new idea trial 1_181117_112506_Kilosort&54&3&good,1.68065761018914,T1,L,0,CON,2.03468715644646,-1.0316476021696,0.652212690014662,-0.507196914709937,4.50203615255331,-0.923076923076923,0.41025641025641
DJPComb_mdy 11 17 18 new idea trial 1_181117_112506_Kilosort&63&13&good,1.1271708127234,T1,L,0,CON,3.03483976217045,2.20671485238265,1.47223510402722,0.589588077434079,5.13698983506113,2.25641025641026,-0.153846153846154
DJPComb_mdy 11 17 18 new idea trial 1_181117_112506_Kilosort&70&10&good,0.610173544905148,T1,L,1,CON,0.509192870005411,0.0883868333583613,0.371453413568125,0.020069995493688,0.116576280115462,-0.717948717948718,-0.871794871794872
DJPComb_mdy 11 17 18 new idea trial 1_181117_112506_Kilosort&72&3&good,0.87105457426313,T1,L,1,CON,0.354597162568478,-1.31077959223099,0.123811370609773,-0.672360787913247,1.8769492441058,-1.43589743589744,1.12820512820513
DJPComb_mdy 11 17 18 new idea trial 1_181117_112506_Kilosort&79&10&good,0.207491151936569,T1,L,0,CON,2.67665152833473,-0.41866582178259,1.99856028863393,-0.413764421780895,8.34635566360552,-2.56410256410256,-1.38461538461539
DJPComb_mdy 11 17 18 new idea trial 1_181117_112506_Kilosort&88&15&good,0.369601874570977,T1,L,0,CON,3.51465249767923,3.16483697777892,0.690598784488102,1.03085885427688,28.165490958607,11.6923076923077,-1.61538461538461
DJPComb_mdy 11 17 18 new idea trial 1_181117_112506_Kilosort&89&14&good,0.5,T1,L,1,CON,0.609837576835378,-0.311196049499861,0.430136985389156,-0.293480916375542,0.508762535205567,-0.102564102564103,0.076923076923077
DJPComb_mdy 11 17 18 new idea trial 1_181117_112506_Kilosort&95&13&good,0.278462674876941,T1,L,1,CON,0.929716167044762,-0.0902124571767984,0.676811641273726,-0.157111092399193,4.53540717387813,-0.41025641025641,0.0512820512820511
DJPComb_mdy 11 29 18 new idea trial 1_181129_145455_Kilosort&102&3&good,0.167652859960552,T1,L,1,CON,0.485246038669539,0.583682279633413,0.358239427163116,0.320018971499602,1.20256309714783,1.2,0.14
DJPComb_mdy 11 29 18 new idea trial 1_181129_145455_Kilosort&106&14&good,0.322967533324535,T1,L,1,CON,1.9736794592379,0.193705394276773,1.3391537349435,0.173343190202605,9.03490420291154,1.92,1.28
DJPComb_mdy 11 29 18 new idea trial 1_181129_145455_Kilosort&108&8&good,0.22118821533018,T1,L,0,CON,0.96885821333404,-0.213230388696877,0.456112772796584,-0.114836251825777,2.47048168954778,0.0800000000000001,0.58
DJPComb_mdy 11 29 18 new idea trial 1_181129_145455_Kilosort&112&8&good,0,T1,L,1,CON,0.219728231963054,0.142898531247824,0.134829407617939,0.0698155508287264,0.514845788359404,0.4,0.24
DJPComb_mdy 11 29 18 new idea trial 1_181129_145455_Kilosort&122&3&good,0.0811735432127958,T1,L,1,CON,4.08050538042348,0.125972804261939,2.4212028016859,0.053061759209657,31.0357338281337,2.24,1.58
DJPComb_mdy 11 29 18 new idea trial 1_181129_145455_Kilosort&123&8&good,0.274048181388758,T1,L,1,CON,0.730582339717671,0.145243411272159,0.470567761573224,0.0862920303576988,2.65610553365043,1.44,1.12
DJPComb_mdy 11 29 18 new idea trial 1_181129_145455_Kilosort&127&15&good,0.0763690244895857,T1,L,0,CON,2.11211644707782,0.285259937221704,1.36026615572398,0.178438210894706,11.7522104213817,1.92,0.58
DJPComb_mdy 11 29 18 new idea trial 1_181129_145455_Kilosort&22&3&good,0.0644675673145924,T1,L,0,CON,3.62480135662108,1.28334121479924,1.85204457789499,0.37958882394575,8.3235430784089,2.16,0.0600000000000001
DJPComb_mdy 11 29 18 new idea trial 1_181129_145455_Kilosort&83&1&good,0,T1,L,1,CON,2.22453112883426,1.2802306818357,1.18722435107994,0.3772322687522,3.86412157412797,1.52,0.22
DJPComb_mdy 11 29 18 new idea trial 1_181129_145455_Kilosort&96&3&good,NaN,T1,L,0,CON,-0.468131642433507,-0.282842712474619,-0.343493950453678,NaN,-0.0212516917865266,0,0.02
DJPComb_mdy 12 4 18 new idea trial 1_181204_182422_Kilosort&106&3&good,2.06292340555386,T1,L,1,CON,3.44055374211444,0.162850690842875,1.64997713781288,0.0582916735238126,6.38333297418971,0.266666666666667,0.0999999999999999
DJPComb_mdy 12 4 18 new idea trial 1_181204_182422_Kilosort&159&7&good,0.969571837710844,T1,L,0,CON,4.36940646338204,0.994175080421386,3.11238043267492,0.533482694035735,24.7770735199531,1.46666666666667,-3.86666666666667
DJPComb_mdy 12 4 18 new idea trial 1_181204_182422_Kilosort&161&15&good,0.707940747935891,T1,L,1,CON,2.08166553337084,1.11910172164925e-16,1.19237277160151,-0.13632244134472,6.15312376119181,-0.133333333333333,-0.133333333333333
DJPComb_mdy 12 4 18 new idea trial 1_181204_182422_Kilosort&165&1&good,1.01650780011055,T1,L,0,CON,5.75657464960205,1.58107312678338,4.085492073616,0.587281967110684,36.7457018009006,4.8,-3.33333333333333
DJPComb_mdy 12 4 18 new idea trial 1_181204_182422_Kilosort&170&7&good,Inf,T1,L,1,CON,1.4403724732532,-0.0818971354330321,1.25923231572413,-0.0143205478716237,1.42694946873237,-0.133333333333333,-0.0666666666666667
DJPComb_mdx 11 1 18_181101_221336_Kilosort&69&10&good,0.0833333333333333,T1,R,1,WN,0.345518326894939,-0.45691088812835,0.129715040761367,-0.137422336639376,1.07427099326488,-2.22222222222222,-0.666666666666667
DJPComb_mdx 11 1 18_181101_221336_Kilosort&71&9&good,1.66666666666667,T1,R,0,WN,0.189940919552676,-1.60625906491452,0.0462791094384623,-0.49546612293486,0.437665960219026,-3.02222222222222,-0.155555555555555
DJPComb_mdx 11 17 18 habit_181107_204711_Kilosort&100&15&good,1.33333333333333,T1,R,1,WN,0.135549737427033,-2.56385126973725,-0.145085901792444,-0.489323984502513,0.0596817218480492,-1.2,-0.0666666666666667
DJPComb_mdx 11 17 18 habit_181107_204711_Kilosort&101&13&good,1,T1,R,0,WN,-0.6496126755652,-0.529019977768688,-0.311014342038115,-0.133282952472544,-0.775862384024637,-0.266666666666667,-0.0333333333333333
DJPComb_mdx 11 17 18 habit_181107_204711_Kilosort&108&7&good,NaN,T1,R,1,WN,0.369576469098532,1.23594984382899,0.361741221330172,0.481279499248479,0.119363443696098,0.266666666666667,0
DJPComb_mdx 11 17 18 habit_181107_204711_Kilosort&27&13&good,1.66666666666667,T1,R,1,WN,-0.0911941180425617,-0.727997991732448,-0.0552937581658631,-0.192654888184049,-0.238726887392196,-0.533333333333333,-0.1
DJPComb_mdx 11 17 18 habit_181107_204711_Kilosort&56&13&good,2.25,T1,R,0,WN,-0.992727399348984,-0.895457044180428,-0.451719287050419,-0.21388304596981,-1.07427099326488,-0.266666666666667,0.233333333333333
DJPComb_mdx 11 17 18 habit_181107_204711_Kilosort&87&7&good,0,T1,R,1,WN,1.02916462952745,3.32987758495762,0.722916864481147,0.658702124604515,0.238726887392196,1.33333333333333,-0.566666666666667
DJPComb_mdx 11 17 18 habit_181107_204711_Kilosort&93&9&good,0,T1,R,1,WN,0.212924659855934,0.305702762916503,0.174430483095292,0.124098825593123,0,0,-0.133333333333333
DJPComb_mdx 11 4 18 trial 2 moved_181104_212837_Kilosort&66&10&good,0.102564102564103,T1,R,1,WN,0.469739749214461,-0.725752525253483,0.336403692870907,-0.267505355107522,2.14854198652976,-0.72,0.44
DJPComb_mdy 11 17 18 new idea trial 1_181117_112506_Kilosort&13&9&good,0.533607545616279,T1,L,1,WN,1.43462426695941,-0.104588506490872,1.07182412760318,0.0129213030396391,3.72560670744906,-0.175109443402126,0.0437773608505316
DJPComb_mdy 11 17 18 new idea trial 1_181117_112506_Kilosort&135&7&good,2.66740282887894,T1,L,0,WN,1.34199651238825,-1.97955586944318,1.06870516021188,-0.711630879889273,6.13642804932844,-7.58223889931207,0.0919324577861165
DJPComb_mdy 11 17 18 new idea trial 1_181117_112506_Kilosort&138&4&good,0.469079939668175,T1,L,0,WN,5.24238603269719,0.357773950759338,2.32615471472893,0.134273283199009,28.6630156004136,0.455284552845528,-0.440900562851782
DJPComb_mdy 11 17 18 new idea trial 1_181117_112506_Kilosort&143&8&good,0.379670947771781,T1,L,0,WN,1.74919458020515,-1.85885513117258,1.84757470913467,-0.691845404492229,19.8163232744205,-15.06191369606,0.0700437773608478
DJPComb_mdy 11 17 18 new idea trial 1_181117_112506_Kilosort&147&9&good,5.08928571428572,T1,L,1,WN,-0.0260523497194923,0.170263308378388,-0.0170097829975735,-0.0220418813504033,-0.268954151694312,-0.0925578486554096,-0.239524702939337
DJPComb_mdy 11 17 18 new idea trial 1_181117_112506_Kilosort&31&10&good,0.42538173728385,T1,L,1,WN,0.37494388628136,-0.350907113947168,0.280503568767652,-0.217062663346097,0.336966577355824,-0.370231394621639,-0.0856785490931832
DJPComb_mdy 11 17 18 new idea trial 1_181117_112506_Kilosort&54&3&good,1.68065761018914,T1,L,0,WN,2.61851042360709,-2.13546356133616,1.1278134701771,-0.907396014554815,5.71820667625754,-2.30143839899937,0.567854909318324
DJPComb_mdy 11 17 18 new idea trial 1_181117_112506_Kilosort&63&13&good,1.1271708127234,T1,L,0,WN,2.85292574261793,0.930011683935873,1.48308597544874,0.202966564361048,5.21812841974247,1.26328955597248,0.115697310819262
DJPComb_mdy 11 17 18 new idea trial 1_181117_112506_Kilosort&70&10&good,0.610173544905148,T1,L,1,WN,-0.388869374901857,0.823321989329581,-0.2712310959826,0.387343113872132,-1.89897062121013,0.470293933708568,-1.11069418386492
DJPComb_mdy 11 17 18 new idea trial 1_181117_112506_Kilosort&72&3&good,0.87105457426313,T1,L,1,WN,0.754452506811372,-1.55338384644101,0.55111976835729,-0.762365063751375,2.93858835028221,-1.97873671044403,1.09505941213258
DJPComb_mdy 11 17 18 new idea trial 1_181117_112506_Kilosort&79&10&good,0.207491151936569,T1,L,0,WN,2.31169949373193,-0.13178914096272,1.87431479066339,-0.295165901372514,7.91125136433265,-1.51344590368981,-1.12883051907442
DJPComb_mdy 11 17 18 new idea trial 1_181117_112506_Kilosort&88&15&good,0.369601874570977,T1,L,0,WN,2.93378048350822,2.18697565369787,1.49737855059395,0.66261504086425,27.7596722899515,8.86303939962477,-0.653533458411507
DJPComb_mdy 11 17 18 new idea trial 1_181117_112506_Kilosort&89&14&good,0.5,T1,L,1,WN,0.244313778112191,-0.614614417291594,0.141928646783717,-0.384375661688264,0.396839852281612,-0.0975609756097561,0.226391494684178
DJPComb_mdy 11 17 18 new idea trial 1_181117_112506_Kilosort&95&13&good,0.278462674876941,T1,L,1,WN,0.417016590650919,-0.441033503503045,0.248549673621121,-0.323087473519254,3.2962680303864,-0.450281425891182,1.44965603502189
DJPComb_mdy 11 29 18 new idea trial 1_181129_145455_Kilosort&102&3&good,0.167652859960552,T1,L,1,WN,-0.0498754297322896,-1.14984709749306,-0.0257879403494251,-0.26169571426273,0.199485862027196,-1.36,0.3
DJPComb_mdy 11 29 18 new idea trial 1_181129_145455_Kilosort&106&14&good,0.322967533324535,T1,L,1,WN,2.18283611224866,-0.910554479054559,1.58244258812606,-0.279473157444775,11.1748252486522,-0.56,2.22
DJPComb_mdy 11 29 18 new idea trial 1_181129_145455_Kilosort&108&8&good,0.22118821533018,T1,L,0,WN,0.656389987327386,-0.41200867228492,0.240606054614867,-0.213407224131141,2.23060060130394,0,0.92
DJPComb_mdy 11 29 18 new idea trial 1_181129_145455_Kilosort&112&8&good,0,T1,L,1,WN,0.581893998243126,0.138863978401673,0.391505487157609,0.173636621387814,1.03654603248099,0.48,0.34
DJPComb_mdy 11 29 18 new idea trial 1_181129_145455_Kilosort&122&3&good,0.0811735432127958,T1,L,1,WN,4.01480439078608,-0.0523875692275206,2.36894509039874,-0.0168628237627746,31.0914200653433,1.84,2.08
DJPComb_mdy 11 29 18 new idea trial 1_181129_145455_Kilosort&123&8&good,0.274048181388758,T1,L,1,WN,0.552979433075169,-0.359957743968141,0.455196946166932,-0.157668834899819,2.64739024625522,0.56,1.38
DJPComb_mdy 11 29 18 new idea trial 1_181129_145455_Kilosort&127&15&good,0.0763690244895857,T1,L,0,WN,3.45154652670333,-0.324054847378251,2.1746473591195,-0.128923364919045,17.7054387282108,-1.04,0.5
DJPComb_mdy 11 29 18 new idea trial 1_181129_145455_Kilosort&22&3&good,0.0644675673145924,T1,L,0,WN,3.63155483120541,1.16880527572151,1.91752546418387,0.215736181859462,8.9449770933321,2,0.58
DJPComb_mdy 11 29 18 new idea trial 1_181129_145455_Kilosort&83&1&good,0,T1,L,1,WN,2.92394661250824,0.0942296366698271,1.74111756486112,-0.0175229017012263,4.63098573160067,0.0800000000000001,-0.02
DJPComb_mdy 11 29 18 new idea trial 1_181129_145455_Kilosort&96&3&good,NaN,T1,L,0,WN,-0.282842712474619,-0.282842712474619,NaN,NaN,0,0,0.02
DJPComb_mdy 12 4 18 new idea trial 1_181204_182422_Kilosort&106&3&good,2.06292340555386,T1,L,1,WN,3.87606630816427,-0.0319115624570968,2.16997229980869,-0.0289229527866546,7.29055382537839,0.133333333333333,0.166666666666667
DJPComb_mdy 12 4 18 new idea trial 1_181204_182422_Kilosort&159&7&good,0.969571837710844,T1,L,0,WN,3.58712260333039,-0.0611009572431481,2.23060659063174,-0.0667826297526959,20.2182432142955,-1.46666666666667,-1.16666666666667
DJPComb_mdy 12 4 18 new idea trial 1_181204_182422_Kilosort&161&15&good,0.707940747935891,T1,L,1,WN,2.876111540482,-0.0327367153988785,1.88462248072444,-0.133160008645357,8.39073672286439,-0.4,-0.333333333333333
DJPComb_mdy 12 4 18 new idea trial 1_181204_182422_Kilosort&165&1&good,1.01650780011055,T1,L,0,WN,6.74307320958335,-0.125182177804617,4.33151675926734,-0.0233714062179339,43.0445579916371,-0.666666666666666,-0.0666666666666664
DJPComb_mdy 12 4 18 new idea trial 1_181204_182422_Kilosort&170&7&good,Inf,T1,L,1,WN,2.08329408785383,-0.490066966311727,1.27901069101926,-0.148148028403006,1.85549690005692,0,0.333333333333333
DJPComb_mdx 11 1 18_181101_221336_Kilosort&69&10&good,0.0833333333333333,T1,R,1,BOS_REV,0.163141528345445,0.296138409747482,-0.173362159100221,0.107800006134954,0.119363443696099,0.177777777777778,-0.644444444444444
DJPComb_mdx 11 1 18_181101_221336_Kilosort&71&9&good,1.66666666666667,T1,R,0,BOS_REV,-0.012642703685939,0.140969963577026,-0.0924823043070813,0.172172253447463,0.159151258261464,0.444444444444444,0.2
DJPComb_mdx 11 17 18 habit_181107_204711_Kilosort&100&15&good,1.33333333333333,T1,R,1,BOS_REV,0.784659679017282,-1.24619639883964,0.522668163148585,-0.267766516421602,0.477453774784392,-0.8,-0.333333333333333
DJPComb_mdx 11 17 18 habit_181107_204711_Kilosort&101&13&good,1,T1,R,0,BOS_REV,-0.39903809651838,1.73738154233775,-0.209394244568113,0.453741531204581,-0.477453774784392,0.666666666666667,-0.0666666666666667
DJPComb_mdx 11 17 18 habit_181107_204711_Kilosort&108&7&good,NaN,T1,R,1,BOS_REV,0.0153522173357743,-0.274008952680141,0.0165722374415325,-0.0217726596723126,-0.059681721848049,-0.133333333333333,-0.0666666666666667
DJPComb_mdx 11 17 18 habit_181107_204711_Kilosort&27&13&good,1.66666666666667,T1,R,1,BOS_REV,0.263038734200046,-1.84911561428156,0.101845719579619,-0.337806771978885,0.358090331088294,-1.06666666666667,0
DJPComb_mdx 11 17 18 habit_181107_204711_Kilosort&56&13&good,2.25,T1,R,0,BOS_REV,-0.325207675124755,-0.562974147461836,-0.129219674901775,-0.152948174918272,-0.298408609240245,-0.266666666666667,0.0666666666666668
DJPComb_mdx 11 17 18 habit_181107_204711_Kilosort&87&7&good,0,T1,R,1,BOS_REV,0.374167476372679,0.247495707866907,0.250813509949503,0.103492700359688,0.059681721848049,-0.133333333333333,-0.266666666666667
DJPComb_mdx 11 17 18 habit_181107_204711_Kilosort&93&9&good,0,T1,R,1,BOS_REV,0.252632738200751,1.0558005089574,0.144440966023266,0.476973534113463,0.119363443696098,0.266666666666667,0
DJPComb_mdx 11 4 18 trial 2 moved_181104_212837_Kilosort&66&10&good,0.102564102564103,T1,R,1,BOS_REV,0.419659485562973,0.26858876364132,0.100756643583249,0.208089727149912,1.28912519191786,0.4,-0.04
DJPComb_mdy 11 17 18 new idea trial 1_181117_112506_Kilosort&13&9&good,0.533607545616279,T1,L,1,BOS_REV,1.80382398290256,-0.878483415388288,1.34146845929466,-0.19200136355409,4.72155953184967,-1.83364602876798,-0.00500312695434646
DJPComb_mdy 11 17 18 new idea trial 1_181117_112506_Kilosort&135&7&good,2.66740282887894,T1,L,0,BOS_REV,1.98541263463734,-3.21535820243037,1.36685540487177,-1.33303426791292,7.81728705070534,-13.1432145090682,-0.664165103189493
DJPComb_mdy 11 17 18 new idea trial 1_181117_112506_Kilosort&138&4&good,0.469079939668175,T1,L,0,BOS_REV,3.42559116386783,-8.41842882296676,0.817658590866728,-1.54885727399007,19.4322045611544,-19.4471544715447,-0.514071294559099
DJPComb_mdy 11 17 18 new idea trial 1_181117_112506_Kilosort&143&8&good,0.379670947771781,T1,L,0,BOS_REV,1.62929309420782,-7.42109305745723,0.769419737198997,-2.28093878473091,13.2277131415388,-60.8180112570356,-1.66166353971232
DJPComb_mdy 11 17 18 new idea trial 1_181117_112506_Kilosort&147&9&good,5.08928571428572,T1,L,1,BOS_REV,-0.0440341212430288,-0.689805810307062,-0.0322825701732661,-0.358310583468373,0.213449102217302,-0.190118824265166,0.248280175109443
DJPComb_mdy 11 17 18 new idea trial 1_181117_112506_Kilosort&31&10&good,0.42538173728385,T1,L,1,BOS_REV,0.128127678268741,-0.272030749845601,0.0783381798043335,-0.136774874952747,0.331400232516868,0.0200125078173858,0.207004377736085
DJPComb_mdy 11 17 18 new idea trial 1_181117_112506_Kilosort&54&3&good,1.68065761018914,T1,L,0,BOS_REV,1.65660542811183,-4.3549144280578,0.808656278790685,-1.45757609874135,3.96501551323337,-5.71607254534084,0.299562226391495
DJPComb_mdy 11 17 18 new idea trial 1_181117_112506_Kilosort&63&13&good,1.1271708127234,T1,L,0,BOS_REV,1.50467905518798,-4.01277399048389,0.989818923694951,-0.676732106072524,3.18080790814682,-4.59036898061288,0.213258286429018
DJPComb_mdy 11 17 18 new idea trial 1_181117_112506_Kilosort&70&10&good,0.610173544905148,T1,L,1,BOS_REV,0.21724377457143,-0.303614220005937,0.195925776442547,-0.126408163414446,0.314658437249908,-0.505315822388993,-0.0619136960600373
DJPComb_mdy 11 17 18 new idea trial 1_181117_112506_Kilosort&72&3&good,0.87105457426313,T1,L,1,BOS_REV,0.323778655211016,-1.31324304517706,0.163226583081285,-0.656198434019008,1.52048540148249,-1.68605378361476,0.802376485303315
DJPComb_mdy 11 17 18 new idea trial 1_181117_112506_Kilosort&79&10&good,0.207491151936569,T1,L,0,BOS_REV,1.82620159391448,-2.5477906244154,1.51112091739542,-1.11241104458433,5.87018378344747,-7.46466541588493,-1.05565978736711
DJPComb_mdy 11 17 18 new idea trial 1_181117_112506_Kilosort&88&15&good,0.369601874570977,T1,L,0,BOS_REV,1.95232839759324,-7.55182589568256,0.283856230987627,-1.62086406127403,16.7402756030972,-32.2101313320826,-1.3364602876798
DJPComb_mdy 11 17 18 new idea trial 1_181117_112506_Kilosort&89&14&good,0.5,T1,L,1,BOS_REV,-0.0439330258075521,-0.566859728383337,0.00491777463912235,-0.48514222839849,-0.00525355711291364,-0.292682926829268,0.0312695434646655
DJPComb_mdy 11 17 18 new idea trial 1_181117_112506_Kilosort&95&13&good,0.278462674876941,T1,L,1,BOS_REV,-0.467230799914924,-1.42644628519251,-0.327308764878572,-0.930941382496433,-0.211416513949944,-4.64540337711069,1.96185115697311
DJPComb_mdy 11 29 18 new idea trial 1_181129_145455_Kilosort&102&3&good,0.167652859960552,T1,L,1,BOS_REV,0.135201037711262,-1.70640560252282,0.126943155130102,-0.338255139546736,0.692386399693248,-2.32,0.4
DJPComb_mdy 11 29 18 new idea trial 1_181129_145455_Kilosort&106&14&good,0.322967533324535,T1,L,1,BOS_REV,0.932946409216502,-3.74869943003164,0.630031458934531,-1.20488986233934,4.51849571132029,-11.6,0.8
DJPComb_mdy 11 29 18 new idea trial 1_181129_145455_Kilosort&108&8&good,0.22118821533018,T1,L,0,BOS_REV,-0.103220844964393,-1.37680753210418,-0.0510823777944864,-0.658838099353056,0.302963542323971,-2.8,0.54
DJPComb_mdy 11 29 18 new idea trial 1_181129_145455_Kilosort&112&8&good,0,T1,L,1,BOS_REV,-0.491982666977381,-1.21519310766387,-0.516528522492601,-0.450290663288453,-0.0456754341205003,-0.64,0.52
DJPComb_mdy 11 29 18 new idea trial 1_181129_145455_Kilosort&122&3&good,0.0811735432127958,T1,L,1,BOS_REV,3.46874050536323,-6.00356650756955,2.06657433747627,-1.74952810820264,28.1889113725214,-28,2.24
DJPComb_mdy 11 29 18 new idea trial 1_181129_145455_Kilosort&123&8&good,0.274048181388758,T1,L,1,BOS_REV,0.00292206990999968,-1.28568512574434,0.121327368152044,-0.45139733488592,0.62688041524436,-2.32,0.62
DJPComb_mdy 11 29 18 new idea trial 1_181129_145455_Kilosort&127&15&good,0.0763690244895857,T1,L,0,BOS_REV,1.32537926941768,-3.35649377111633,0.629981069259152,-1.36570751868048,7.83268657661542,-14,1.04
DJPComb_mdy 11 29 18 new idea trial 1_181129_145455_Kilosort&22&3&good,0.0644675673145924,T1,L,0,BOS_REV,2.74384140809798,-4.98528323055861,1.4765485503714,-1.03861132295188,7.23475635702336,-5.84,0.48
DJPComb_mdy 11 29 18 new idea trial 1_181129_145455_Kilosort&83&1&good,0,T1,L,1,BOS_REV,1.73056515938918,-2.36600848943734,0.702532062548231,-0.490262394235162,2.70775211737819,-2.72,-0.1
DJPComb_mdy 11 29 18 new idea trial 1_181129_145455_Kilosort&96&3&good,NaN,T1,L,0,BOS_REV,-0.254963594817876,0,-0.20221043381844,0,-0.0334164532919176,0,0
DJPComb_mdy 12 4 18 new idea trial 1_181204_182422_Kilosort&106&3&good,2.06292340555386,T1,L,1,BOS_REV,2.54541816565488,-3.62802855041015,0.999659625613758,-1.03513049848595,4.94651010554789,-3.73333333333333,0.0999999999999999
DJPComb_mdy 12 4 18 new idea trial 1_181204_182422_Kilosort&159&7&good,0.969571837710844,T1,L,0,BOS_REV,0.830114836211203,-6.22484219369174,-0.170061850003941,-2.33817464620199,6.63675241953491,-28,1.83333333333333
DJPComb_mdy 12 4 18 new idea trial 1_181204_182422_Kilosort&161&15&good,0.707940747935891,T1,L,1,BOS_REV,1.19107526188759,-3.88871772395544,0.300046150704239,-1.19405897614059,4.16884736675607,-6.4,0.666666666666667
DJPComb_mdy 12 4 18 new idea trial 1_181204_182422_Kilosort&165&1&good,1.01650780011055,T1,L,0,BOS_REV,3.32775541838975,-8.68557591482847,1.27797738108134,-3.06637683013127,20.7679780690722,-41.8666666666667,0.233333333333333
DJPComb_mdy 12 4 18 new idea trial 1_181204_182422_Kilosort&170&7&good,Inf,T1,L,1,BOS_REV,0.396054116046525,-2.13956026341989,0.117736311944251,-0.457338047064857,0.646791662678259,-1.06666666666667,0.333333333333333
DJPComb_mdx 11 1 18_181101_221336_Kilosort&69&10&good,0.0833333333333333,T2,R,1,CON,1.21229660514574,-0.855125434804254,0.571431885280486,-0.436783086716639,4.45623523132099,-1.95555555555556,0.222222222222222
DJPComb_mdx 11 1 18_181101_221336_Kilosort&71&9&good,1.66666666666667,T2,R,0,CON,1.36914886619715,-1.11237589366186,0.686225491275656,-0.288516229463777,3.62069112544831,-0.977777777777778,0.133333333333333
DJPComb_mdx 11 17 18 habit_181107_204711_Kilosort&100&15&good,1.33333333333333,T2,R,1,CON,0.135112128072539,0.510417785534041,0.0128039570886676,0.0353257188324043,0.19893907282683,0.266666666666667,0.0666666666666667
DJPComb_mdx 11 17 18 habit_181107_204711_Kilosort&101&13&good,1,T2,R,0,CON,0.289048041034472,-0.2036330100685,0.12939642419397,-0.0293942247448425,0.358090331088294,-0.177777777777778,-0.0666666666666667
DJPComb_mdx 11 17 18 habit_181107_204711_Kilosort&108&7&good,NaN,T2,R,1,CON,0.058326177609003,0.387254330946837,0.0460361258734746,0.0818193314482576,0,0.0888888888888889,-0.0222222222222222
DJPComb_mdx 11 17 18 habit_181107_204711_Kilosort&27&13&good,1.66666666666667,T2,R,1,CON,0.537464438348046,-0.670294551583819,0.347658845279841,-0.188930489922919,0.875331920438052,-0.355555555555556,0.0888888888888889
DJPComb_mdx 11 17 18 habit_181107_204711_Kilosort&56&13&good,2.25,T2,R,0,CON,0.21531005012146,0.550631492501197,0.254904166450396,0.18345636653006,0.19893907282683,0.266666666666667,-0.111111111111111
DJPComb_mdx 11 17 18 habit_181107_204711_Kilosort&87&7&good,0,T2,R,1,CON,-0.553196577639487,1.06284312069449,-0.473512833992098,0.302393924718887,-0.477453774784392,0.622222222222222,0.0222222222222221
DJPComb_mdx 11 17 18 habit_181107_204711_Kilosort&93&9&good,0,T2,R,1,CON,0.268604305944808,-0.210818510677892,0.263119814360433,-0.0409520747872462,-0.0397878145653661,-0.266666666666667,-0.2
DJPComb_mdx 11 4 18 trial 2 moved_181104_212837_Kilosort&66&10&good,0.102564102564103,T2,R,1,CON,0.676934169251099,0.463707495191813,0.499899344210881,0.214713259808222,3.07957684735933,1.6,0.32
DJPComb_mdy 11 17 18 new idea trial 1_181117_112506_Kilosort&13&9&good,0.533607545616279,T2,L,1,CON,0.677486935150565,0.317903096661977,0.460386040150898,0.100432011042759,1.64396034297347,0.8,0.325
DJPComb_mdy 11 17 18 new idea trial 1_181117_112506_Kilosort&135&7&good,2.66740282887894,T2,L,0,CON,-0.0229205025995318,-0.0346532265854456,0.011375288064025,-0.0110885352868478,2.91080784487298,2.8,3.125
DJPComb_mdy 11 17 18 new idea trial 1_181117_112506_Kilosort&138&4&good,0.469079939668175,T2,L,0,CON,1.09255666268406,-0.157523870104753,0.850991662094277,-0.0430321576214627,6.60532743994684,-1.3,-0.475000000000001
DJPComb_mdy 11 17 18 new idea trial 1_181117_112506_Kilosort&143&8&good,0.379670947771781,T2,L,0,CON,-0.235127340340138,-0.468567557088148,-0.139050558621197,-0.215638326676194,-1.22996946993159,-2.2,-0.299999999999999
DJPComb_mdy 11 17 18 new idea trial 1_181117_112506_Kilosort&147&9&good,5.08928571428572,T2,L,1,CON,0.555945220641904,0.0183811617044496,0.401874568200963,0.00793653357283819,0.599467172301621,-0.4,-0.425
DJPComb_mdy 11 17 18 new idea trial 1_181117_112506_Kilosort&31&10&good,0.42538173728385,T2,L,1,CON,-0.0790173962633744,-0.41463740847401,-0.0558501579496293,-0.177743057292867,-0.34321842100711,-1.1,-0.125
DJPComb_mdy 11 17 18 new idea trial 1_181117_112506_Kilosort&54&3&good,1.68065761018914,T2,L,0,CON,0.210725823649418,-0.845722696920697,0.160877822849274,-0.319162815083045,0.319536001542412,-1.4,-0.1
DJPComb_mdy 11 17 18 new idea trial 1_181117_112506_Kilosort&63&13&good,1.1271708127234,T2,L,0,CON,0.574878175630062,-0.364975110274036,0.512183194982811,-0.152152161351928,1.38130435055151,-2,-0.8
DJPComb_mdy 11 17 18 new idea trial 1_181117_112506_Kilosort&70&10&good,0.610173544905148,T2,L,1,CON,0.371639551100488,0.19060190351846,0.263417359861981,0.0892964477459905,1.11664619751173,0.199999999999999,-0.425
DJPComb_mdy 11 17 18 new idea trial 1_181117_112506_Kilosort&72&3&good,0.87105457426313,T2,L,1,CON,0.114759858340577,-0.9281735093541,0.0847820681947993,-0.358648471008209,0.0408725386907305,-2.2,-0.25
DJPComb_mdy 11 17 18 new idea trial 1_181117_112506_Kilosort&79&10&good,0.207491151936569,T2,L,0,CON,-0.00924220523406882,0.206005763067578,0.0071115340344424,0.0691875999877427,0.245168166306682,0.8,0.275
DJPComb_mdy 11 17 18 new idea trial 1_181117_112506_Kilosort&88&15&good,0.369601874570977,T2,L,0,CON,0.346389395852864,-0.283973273830338,0.407825205563189,-0.153431116880167,1.54612110029894,-0.7,0.399999999999999
DJPComb_mdy 11 17 18 new idea trial 1_181117_112506_Kilosort&89&14&good,0.5,T2,L,1,CON,0.171459888146371,-0.462656488939618,0.115770035118804,-0.21570736653857,0.286650840545159,-0.5,0.0249999999999999
DJPComb_mdy 11 17 18 new idea trial 1_181117_112506_Kilosort&95&13&good,0.278462674876941,T2,L,1,CON,0.542180477511948,-0.356004452330416,0.438496473757144,-0.165119106297728,2.42675116472024,-4.5,-2.025
DJPComb_mdy 11 29 18 new idea trial 1_181129_145455_Kilosort&102&3&good,0.167652859960552,T2,L,1,CON,0.482959330567668,0.0281098430008701,0.379374649990445,0.0545328915807735,0.260563538286084,-0.24,-0.26
DJPComb_mdy 11 29 18 new idea trial 1_181129_145455_Kilosort&106&14&good,0.322967533324535,T2,L,1,CON,1.61616990066962,0.145110945678644,1.09993049811383,0.0914970202180785,5.33307803018435,-0.32,-0.8
DJPComb_mdy 11 29 18 new idea trial 1_181129_145455_Kilosort&108&8&good,0.22118821533018,T2,L,0,CON,1.03384229061637,0.566359667609394,0.904596322937612,0.187605003335344,0.685944153470029,-0.0800000000000001,-0.62
DJPComb_mdy 11 29 18 new idea trial 1_181129_145455_Kilosort&112&8&good,0,T2,L,1,CON,0.688329935078794,0.0182133324858558,0.534520047752631,-0.0047402742708041,0.455454899705986,-0.4,-0.42
DJPComb_mdy 11 29 18 new idea trial 1_181129_145455_Kilosort&122&3&good,0.0811735432127958,T2,L,1,CON,2.75836075214385,-0.0501679341197906,1.44846037988553,-0.00982969503507944,18.9149334886217,0,0.2
DJPComb_mdy 11 29 18 new idea trial 1_181129_145455_Kilosort&123&8&good,0.274048181388758,T2,L,1,CON,0.675144851745226,-0.559145103314872,0.495900503326371,-0.174955324675728,1.42457653762977,-1.12,-0.18
DJPComb_mdy 11 29 18 new idea trial 1_181129_145455_Kilosort&127&15&good,0.0763690244895857,T2,L,0,CON,0.785388826049081,-0.300081155368075,0.583155301872349,-0.120987941865838,2.89128743315009,-0.96,0.04
DJPComb_mdy 11 29 18 new idea trial 1_181129_145455_Kilosort&22&3&good,0.0644675673145924,T2,L,0,CON,3.16559759511468,0.564327426489028,1.52653347280066,0.172578391843617,5.13584950610862,0.4,-0.0800000000000001
DJPComb_mdy 11 29 18 new idea trial 1_181129_145455_Kilosort&83&1&good,0,T2,L,1,CON,1.36020772172204,0.188082616161021,0.635040917045916,0.111227801987387,1.90103187759377,0.24,0.0800000000000001
DJPComb_mdy 11 29 18 new idea trial 1_181129_145455_Kilosort&96&3&good,NaN,T2,L,0,CON,-0.106619180071207,0.153209183446083,-0.133844275826361,0.0624487358318406,-0.274268524005315,-0.0800000000000001,-0.2
DJPComb_mdy 12 4 18 new idea trial 1_181204_182422_Kilosort&106&3&good,2.06292340555386,T2,L,1,CON,1.26386197810112,0.75204530402329,0.688647629658982,0.164848989257635,2.85389893746474,1.06666666666667,0.133333333333333
DJPComb_mdy 12 4 18 new idea trial 1_181204_182422_Kilosort&159&7&good,0.969571837710844,T2,L,0,CON,2.07229888095399,-0.820830475841374,1.42296726476837,-0.289118386863864,9.82497292212414,-8.8,-3.76666666666667
DJPComb_mdy 12 4 18 new idea trial 1_181204_182422_Kilosort&161&15&good,0.707940747935891,T2,L,1,CON,0.164911659152346,-1.21264920323283,0.105196540074521,-0.418085798573485,1.6688772100522,-4.26666666666667,0.833333333333332
DJPComb_mdy 12 4 18 new idea trial 1_181204_182422_Kilosort&165&1&good,1.01650780011055,T2,L,0,CON,1.15240044074937,-1.28444348682171,0.61840223255991,-0.548756364541167,9.97063555957764,-5.2,1.83333333333333
DJPComb_mdy 12 4 18 new idea trial 1_181204_182422_Kilosort&170&7&good,Inf,T2,L,1,CON,0.420360939368719,-0.843597322019096,0.219105944368234,-0.261840304111968,0.443587626989561,-1.2,-0.2
DJPComb_mdx 11 1 18_181101_221336_Kilosort&69&10&good,0.0833333333333333,T2,R,1,WN,1.49320101687579,-0.468122765334101,0.977404009374605,-0.118888325082044,5.88859655567417,-0.977777777777777,0.177777777777778
DJPComb_mdx 11 1 18_181101_221336_Kilosort&71&9&good,1.66666666666667,T2,R,0,WN,0.978289046484849,-2.3785916975998,0.553234011369216,-0.456907181534146,2.78514701957562,-2.66666666666667,-0.0888888888888888
DJPComb_mdx 11 17 18 habit_181107_204711_Kilosort&100&15&good,1.33333333333333,T2,R,1,WN,0.078647772564373,-0.0993181179473975,0.0846136307768871,-0.0209108437657414,0.0397878145653661,-0.088888888888889,-0.0444444444444445
DJPComb_mdx 11 17 18 habit_181107_204711_Kilosort&101&13&good,1,T2,R,0,WN,0.079976906077411,-0.379197639329681,0.0377456588151112,-0.0547154863952994,0.0795756291307317,-0.266666666666667,-0.0444444444444444
DJPComb_mdx 11 17 18 habit_181107_204711_Kilosort&108&7&good,NaN,T2,R,1,WN,0.364710686980108,0.814186826424941,0.355438751719906,0.185147576337976,0.079575629130732,0.177777777777778,-0.0444444444444445
DJPComb_mdx 11 17 18 habit_181107_204711_Kilosort&27&13&good,1.66666666666667,T2,R,1,WN,-0.192218098053618,-0.695364079051623,-0.294145890100182,-0.202798814152206,-0.19893907282683,-0.355555555555556,0.0666666666666667
DJPComb_mdx 11 17 18 habit_181107_204711_Kilosort&56&13&good,2.25,T2,R,0,WN,0.107960158534316,-0.0369800130816821,0.185458373492955,0.0165788627561161,0,-0.177777777777778,-0.155555555555556
DJPComb_mdx 11 17 18 habit_181107_204711_Kilosort&87&7&good,0,T2,R,1,WN,-0.133060573008534,1.28116522554853,-0.0487622375780984,0.420493696699685,0,0.8,0.0888888888888889
DJPComb_mdx 11 17 18 habit_181107_204711_Kilosort&93&9&good,0,T2,R,1,WN,0.180804828158711,0.472749472228223,0.165226598320876,0.112397264814382,-0.039787814565366,0,-0.133333333333333
DJPComb_mdx 11 4 18 trial 2 moved_181104_212837_Kilosort&66&10&good,0.102564102564103,T2,R,1,WN,0.457182469432982,0.540687481581958,0.413488251736342,0.224763785573087,1.96949682098562,1.52,-0.0599999999999996
DJPComb_mdy 11 17 18 new idea trial 1_181117_112506_Kilosort&13&9&good,0.533607545616279,T2,L,1,WN,0.434154254664572,0.0169024659679616,0.262508416347601,-0.00365172153665008,0.499771350949616,-0.3,-0.325
DJPComb_mdy 11 17 18 new idea trial 1_181117_112506_Kilosort&135&7&good,2.66740282887894,T2,L,0,WN,-0.185165264589891,-0.486529954895237,-0.088950091309363,-0.173946695851606,-0.135718354951358,-2.7,1.625
DJPComb_mdy 11 17 18 new idea trial 1_181117_112506_Kilosort&138&4&good,0.469079939668175,T2,L,0,WN,2.16251877719924,-0.22537064604565,1.53639367992059,-0.100848083544678,12.3932989797032,-2.2,-1
DJPComb_mdy 11 17 18 new idea trial 1_181117_112506_Kilosort&143&8&good,0.379670947771781,T2,L,0,WN,0.532492530752214,-0.260897963960787,0.373555294941097,-0.118125240855732,1.21500070210996,-1.5,-0.524999999999999
DJPComb_mdy 11 17 18 new idea trial 1_181117_112506_Kilosort&147&9&good,5.08928571428572,T2,L,1,WN,-0.766344055779765,0.745913077558993,-0.395356792466103,0.323356564513118,-2.22108641256417,0.4,-0.625
DJPComb_mdy 11 17 18 new idea trial 1_181117_112506_Kilosort&31&10&good,0.42538173728385,T2,L,1,WN,0.715544849403592,0.228589915730529,0.545120086679818,0.133293240615824,1.22226017010169,-0.1,-0.65
DJPComb_mdy 11 17 18 new idea trial 1_181117_112506_Kilosort&54&3&good,1.68065761018914,T2,L,0,WN,1.01959206397496,-0.258115561041406,0.716408698773673,-0.0833239115932923,1.65085013098185,-0.7,-0.325
DJPComb_mdy 11 17 18 new idea trial 1_181117_112506_Kilosort&63&13&good,1.1271708127234,T2,L,0,WN,1.05341252659978,0.564659339541337,0.757092486265517,0.238180430501218,2.28744069807221,0.3,-1.4
DJPComb_mdy 11 17 18 new idea trial 1_181117_112506_Kilosort&70&10&good,0.610173544905148,T2,L,1,WN,0.0327659615635484,0.710183710215631,0.00762450324116648,0.257542892189813,-0.0211273746239842,2,-0.149999999999999
DJPComb_mdy 11 17 18 new idea trial 1_181117_112506_Kilosort&72&3&good,0.87105457426313,T2,L,1,WN,0.69419540450905,-0.59389281658703,0.497670999798456,-0.211375409911257,1.09816219834395,-1.7,-0.575
DJPComb_mdy 11 17 18 new idea trial 1_181117_112506_Kilosort&79&10&good,0.207491151936569,T2,L,0,WN,0.951919503658875,1.33810101782169,0.692316370710011,0.617773099403499,1.79234432673511,2.3,-1
DJPComb_mdy 11 17 18 new idea trial 1_181117_112506_Kilosort&88&15&good,0.369601874570977,T2,L,0,WN,0.83301139003635,0.0770856819047402,0.596612019501019,0.0682277704782066,2.22511199857761,0.199999999999999,-0.0750000000000002
DJPComb_mdy 11 17 18 new idea trial 1_181117_112506_Kilosort&89&14&good,0.5,T2,L,1,WN,0.556595044301795,-0.579591381986061,0.370838248983848,-0.27412949985606,0.457371019761308,-1.1,-0.4
DJPComb_mdy 11 17 18 new idea trial 1_181117_112506_Kilosort&95&13&good,0.278462674876941,T2,L,1,WN,0.906692159372022,0.595498831937222,0.634912477080729,0.290956303306101,2.57730579156999,0,-3.85
DJPComb_mdy 11 29 18 new idea trial 1_181129_145455_Kilosort&102&3&good,0.167652859960552,T2,L,1,WN,0.577102665799994,1.38355334888093,0.513369584535699,0.530867594065653,0.357472037993672,0.8,-0.32
DJPComb_mdy 11 29 18 new idea trial 1_181129_145455_Kilosort&106&14&good,0.322967533324535,T2,L,1,WN,2.30893043663135,0.537478576695422,1.55037016934855,0.243794892828923,7.83411426108211,1.2,-0.52
DJPComb_mdy 11 29 18 new idea trial 1_181129_145455_Kilosort&108&8&good,0.22118821533018,T2,L,0,WN,1.81654391832381,1.29434367251165,1.35620198155125,0.476779728223813,1.45557992936662,0.56,-0.72
DJPComb_mdy 11 29 18 new idea trial 1_181129_145455_Kilosort&112&8&good,0,T2,L,1,WN,1.18122878380367,0.420892298334604,0.845015082162255,0.151655639289491,1.15986996632668,0.16,-0.28
DJPComb_mdy 11 29 18 new idea trial 1_181129_145455_Kilosort&122&3&good,0.0811735432127958,T2,L,1,WN,3.48411141156183,0.682484633901116,2.03490245671808,0.294396707531822,23.0773311937449,2.88,0
DJPComb_mdy 11 29 18 new idea trial 1_181129_145455_Kilosort&123&8&good,0.274048181388758,T2,L,1,WN,1.18724370852593,0.333817500426713,0.874140428957103,0.161311527497063,2.49189303074305,0.24,-0.4
DJPComb_mdy 11 29 18 new idea trial 1_181129_145455_Kilosort&127&15&good,0.0763690244895857,T2,L,0,WN,2.25178856947946,0.107012581138057,1.53350228252408,0.0356934599164912,6.92318221544105,-0.16,-0.54
DJPComb_mdy 11 29 18 new idea trial 1_181129_145455_Kilosort&22&3&good,0.0644675673145924,T2,L,0,WN,3.58126641341793,1.92119116241065,2.16458983256972,0.705793280431281,5.86200175575062,1.52,-0.38
DJPComb_mdy 11 29 18 new idea trial 1_181129_145455_Kilosort&83&1&good,0,T2,L,1,WN,1.79444875434093,0.576611098702605,1.08874857824045,0.334179380532969,2.49037636136001,0.56,0.1
DJPComb_mdy 11 29 18 new idea trial 1_181129_145455_Kilosort&96&3&good,NaN,T2,L,0,WN,0.136025901605353,-0.35022673640803,-0.000955640919305278,-0.134561080688434,0.0394255523487976,-0.32,-0.0599999999999999
DJPComb_mdy 12 4 18 new idea trial 1_181204_182422_Kilosort&106&3&good,2.06292340555386,T2,L,1,WN,1.77735089030586,0.602697811125649,1.14263982458175,0.13818980672034,4.07358770520434,1.06666666666667,0.233333333333334
DJPComb_mdy 12 4 18 new idea trial 1_181204_182422_Kilosort&159&7&good,0.969571837710844,T2,L,0,WN,1.75258827884088,-1.02405682462276,1.1214850757265,-0.395134899612913,9.74178074935061,-7.6,-1.4
DJPComb_mdy 12 4 18 new idea trial 1_181204_182422_Kilosort&161&15&good,0.707940747935891,T2,L,1,WN,1.1576997539514,-1.90511603455268,0.812457918244773,-0.642568414688709,6.88575315310266,-7.6,1.03333333333333
DJPComb_mdy 12 4 18 new idea trial 1_181204_182422_Kilosort&165&1&good,1.01650780011055,T2,L,0,WN,2.2958530356401,-1.15348170306225,1.32899089883187,-0.503261196983692,20.0219813106836,-0.799999999999999,5.33333333333333
DJPComb_mdy 12 4 18 new idea trial 1_181204_182422_Kilosort&170&7&good,Inf,T2,L,1,WN,1.29167151628603,-0.237490936447376,0.912236258574802,-0.0921724697633432,1.76248803344809,-0.4,-0.1
DJPComb_mdx 11 1 18_181101_221336_Kilosort&69&10&good,0.0833333333333333,T2,R,1,BOS_REV,0.625882731270843,2.30312075095858e-16,0.20563751621288,-0.0251927825654937,2.46684450305269,0.177777777777778,0.177777777777778
DJPComb_mdx 11 1 18_181101_221336_Kilosort&71&9&good,1.66666666666667,T2,R,0,BOS_REV,0.831172637458262,0.688020723592625,0.424016515239263,0.245141695361139,2.18832980109513,0.444444444444445,-0.244444444444444
DJPComb_mdx 11 17 18 habit_181107_204711_Kilosort&100&15&good,1.33333333333333,T2,R,1,BOS_REV,0.89292833349414,1.23136551767617,0.717722006187016,0.456318822028504,-0.0397878145653658,0.177777777777778,-1.15555555555556
DJPComb_mdx 11 17 18 habit_181107_204711_Kilosort&101&13&good,1,T2,R,0,BOS_REV,0.736222959558407,0.309701414988656,0.420314169194209,0.128103755563999,0.59681721848049,-0.177777777777778,-0.422222222222222
DJPComb_mdx 11 17 18 habit_181107_204711_Kilosort&108&7&good,NaN,T2,R,1,BOS_REV,0.0561096946325005,0.327842822142768,-0.0330686506087808,0.114532262775823,-0.278514701957562,-0.177777777777778,-0.311111111111111
DJPComb_mdx 11 17 18 habit_181107_204711_Kilosort&27&13&good,1.66666666666667,T2,R,1,BOS_REV,0.763665767008309,-0.531250573168825,0.506200429924715,-0.178130537839992,0.79575629130732,-0.711111111111111,-0.311111111111111
DJPComb_mdx 11 17 18 habit_181107_204711_Kilosort&56&13&good,2.25,T2,R,0,BOS_REV,0.741574155721461,0.37675581527624,0.44834547442002,0.133797307556362,0.477453774784392,-0.177777777777778,-0.422222222222222
DJPComb_mdx 11 17 18 habit_181107_204711_Kilosort&87&7&good,0,T2,R,1,BOS_REV,-0.599363517288962,0.684066388755156,-0.401814299829569,0.174265745122802,-0.358090331088294,0.444444444444444,0.0444444444444444
DJPComb_mdx 11 17 18 habit_181107_204711_Kilosort&93&9&good,0,T2,R,1,BOS_REV,0.514212681675142,0.11342617456312,0.436548066633947,0.0713045813290024,-0.238726887392196,-0.533333333333333,-0.6
DJPComb_mdx 11 4 18 trial 2 moved_181104_212837_Kilosort&66&10&good,0.102564102564103,T2,R,1,BOS_REV,0.690179638942676,0.501641300087965,0.368122617730108,0.208679704736905,1.79045165544147,0.88,-0.64
DJPComb_mdy 11 17 18 new idea trial 1_181117_112506_Kilosort&13&9&good,0.533607545616279,T2,L,1,BOS_REV,0.0876172656096868,-1.52297836072885,0.062731798824789,-0.501961257379602,0.478480401111761,-2.1,0.3
DJPComb_mdy 11 17 18 new idea trial 1_181117_112506_Kilosort&135&7&good,2.66740282887894,T2,L,0,BOS_REV,0.429383844361977,-0.812724964998098,0.335330702726288,-0.272663534669958,6.10040183400805,-6,1.5
DJPComb_mdy 11 17 18 new idea trial 1_181117_112506_Kilosort&138&4&good,0.469079939668175,T2,L,0,BOS_REV,0.698428315973588,-2.47996041519226,0.316670517931192,-0.94820508396476,5.33110433165375,-10.4,1.375
DJPComb_mdy 11 17 18 new idea trial 1_181117_112506_Kilosort&143&8&good,0.379670947771781,T2,L,0,BOS_REV,0.211884340510989,-0.131260789453466,0.140398876171973,-0.0512953478298847,0.545655834193449,-0.699999999999999,-0.225
DJPComb_mdy 11 17 18 new idea trial 1_181117_112506_Kilosort&147&9&good,5.08928571428572,T2,L,1,BOS_REV,0.0383438187654288,-1.32089995799422,-0.222664232004422,-0.291441626654215,0.456895015888933,-0.8,0.4
DJPComb_mdy 11 17 18 new idea trial 1_181117_112506_Kilosort&31&10&good,0.42538173728385,T2,L,1,BOS_REV,-0.211243551083167,-0.978982675866135,-0.179710290468476,-0.334000571505365,0.60895617045846,-0.8,1.1
DJPComb_mdy 11 17 18 new idea trial 1_181117_112506_Kilosort&54&3&good,1.68065761018914,T2,L,0,BOS_REV,0.621628598712815,-0.96850774820369,0.393292578034846,-0.267251400176694,0.992163824001376,-1.5,-0.15
DJPComb_mdy 11 17 18 new idea trial 1_181117_112506_Kilosort&63&13&good,1.1271708127234,T2,L,0,BOS_REV,0.534164343736871,-1.69965247767079,0.296501791475729,-0.582249396577398,1.22422470842033,-5.4,-0.524999999999999
DJPComb_mdy 11 17 18 new idea trial 1_181117_112506_Kilosort&70&10&good,0.610173544905148,T2,L,1,BOS_REV,-0.257395663720337,-1.6996638091604,-0.253086617101114,-0.546023869709242,0.746364257369143,-2.4,1.7
DJPComb_mdy 11 17 18 new idea trial 1_181117_112506_Kilosort&72&3&good,0.87105457426313,T2,L,1,BOS_REV,0.251644859501384,-0.748425039185161,0.176247267803457,-0.275824408668639,0.448672089887481,-1.6,-0.15
DJPComb_mdy 11 17 18 new idea trial 1_181117_112506_Kilosort&79&10&good,0.207491151936569,T2,L,0,BOS_REV,0.13221238173845,-0.541996325049507,0.0356434739476816,-0.191664976808925,1.2372829177439,-0.3,0.875
DJPComb_mdy 11 17 18 new idea trial 1_181117_112506_Kilosort&88&15&good,0.369601874570977,T2,L,0,BOS_REV,0.401138141355316,-0.677131791224255,0.219719551368241,-0.407108672280741,1.34139363411836,-2.1,0.3
DJPComb_mdy 11 17 18 new idea trial 1_181117_112506_Kilosort&89&14&good,0.5,T2,L,1,BOS_REV,0.025652958201377,0.240672312283914,0.01817177317654,0.124144920420453,0.162669007189264,0.4,0.125
DJPComb_mdy 11 17 18 new idea trial 1_181117_112506_Kilosort&95&13&good,0.278462674876941,T2,L,1,BOS_REV,-0.452174943386488,-1.315080213347,-0.376367826823292,-0.541900866309653,-2.61910580172339,-7.3,0.524999999999999
DJPComb_mdy 11 29 18 new idea trial 1_181129_145455_Kilosort&102&3&good,0.167652859960552,T2,L,1,BOS_REV,0.315579616876445,0.367593346100117,0.433104961576878,0.0694002023364479,0.0588321157228235,-0.0800000000000001,-0.36
DJPComb_mdy 11 29 18 new idea trial 1_181129_145455_Kilosort&106&14&good,0.322967533324535,T2,L,1,BOS_REV,1.31366669557868,-0.957548840856168,0.769960095353268,-0.401121614182852,3.96972965801024,-3.92,-0.760000000000001
DJPComb_mdy 11 29 18 new idea trial 1_181129_145455_Kilosort&108&8&good,0.22118821533018,T2,L,0,BOS_REV,0.584255081518548,-0.394014625048963,0.763204290344786,-0.105243456381402,0.351906554916819,-0.88,-0.48
DJPComb_mdy 11 29 18 new idea trial 1_181129_145455_Kilosort&112&8&good,0,T2,L,1,BOS_REV,0.16222059817328,-0.592136908212939,0.242216693329619,-0.219341854716127,0.020872197290339,-0.8,-0.2
DJPComb_mdy 11 29 18 new idea trial 1_181129_145455_Kilosort&122&3&good,0.0811735432127958,T2,L,1,BOS_REV,2.91366221362772,-3.78096465485812,1.41591698337123,-1.01497819775508,18.1719944962311,-16,-0.879999999999999
DJPComb_mdy 11 29 18 new idea trial 1_181129_145455_Kilosort&123&8&good,0.274048181388758,T2,L,1,BOS_REV,0.311390171715483,-1.36274321963923,0.208426993151798,-0.404163793513946,0.263895238242273,-2.88,-0.46
DJPComb_mdy 11 29 18 new idea trial 1_181129_145455_Kilosort&127&15&good,0.0763690244895857,T2,L,0,BOS_REV,0.758753955203739,-1.48919340577315,0.477599517659632,-0.62611036372491,2.18730027928889,-5.84,-0.44
DJPComb_mdy 11 29 18 new idea trial 1_181129_145455_Kilosort&22&3&good,0.0644675673145924,T2,L,0,BOS_REV,2.88895599098344,-4.35848475740491,1.50452184698182,-0.532791991027707,4.6888180756163,-4.72,-0.28
DJPComb_mdy 11 29 18 new idea trial 1_181129_145455_Kilosort&83&1&good,0,T2,L,1,BOS_REV,0.97672163448143,-2.83733224654536,0.354036645275783,-0.591611688713309,1.47465018210092,-2.24,0.12
DJPComb_mdy 11 29 18 new idea trial 1_181129_145455_Kilosort&96&3&good,NaN,T2,L,0,BOS_REV,0.450015917883193,0.50211467707703,0.148090088249089,0.262155519831885,0.0147898165376431,0.08,-0.38
DJPComb_mdy 12 4 18 new idea trial 1_181204_182422_Kilosort&106&3&good,2.06292340555386,T2,L,1,BOS_REV,1.09351479489591,-1.12970587132979,0.440968968903168,-0.400488007690761,2.83158727829231,-0.8,0.566666666666667
DJPComb_mdy 12 4 18 new idea trial 1_181204_182422_Kilosort&159&7&good,0.969571837710844,T2,L,0,BOS_REV,0.389707689537412,-2.24405451141151,0.511738491943721,-1.17081626838405,4.58210814909337,-13.6,1.7
DJPComb_mdy 12 4 18 new idea trial 1_181204_182422_Kilosort&161&15&good,0.707940747935891,T2,L,1,BOS_REV,-0.0388810537758801,-2.81562092257191,-0.40635340834972,-1.05686126436047,5.73261114437276,-5.2,5.9
DJPComb_mdy 12 4 18 new idea trial 1_181204_182422_Kilosort&165&1&good,1.01650780011055,T2,L,0,BOS_REV,0.362993059208263,-5.39190581262189,-0.32084587649767,-2.29809981581553,7.85537031487435,-23.0666666666667,5.46666666666667
DJPComb_mdy 12 4 18 new idea trial 1_181204_182422_Kilosort&170&7&good,Inf,T2,L,1,BOS_REV,0.458120774137244,-0.523045052615564,0.353074548578845,-0.205936738031202,0.972086056999756,-0.533333333333333,0.166666666666667
